{
    "Version": "2012-10-17",
    "Statement": [
        {
            "Action": [
                "s3:Get*",
                "s3:ListBucket"
            ],
            "Effect": "Allow",
            "Resource": [
                "arn:aws:s3:::destination-serkan",
                "arn:aws:s3:::destination-serkan/*"
            ]
        },
        {
            "Action": [
                "s3:ReplicateObject",
                "s3:ReplicateDelete",
                "s3:ReplicateTags",
                "s3:GetObjectVersionTagging"
            ],
            "Effect": "Allow",
            "Resource": "arn:aws:s3:::destination-serkan/*"
        }
    ]
}